date,component_name,uswds,static_content_templates,yellow_ribbon_schools,vre_ch31_eligibility__amp__entitlement,_28_1900_veteran_readiness,virtual_agent,verify_your_enrollment,appointments,travel_pay,apply_to_use_transferred_education_benefits,apply_for_burial_in_a_va_national_cemetery,_534ez_survivors_benefits,survivor_and_dependent_benefits_22_5490,static_pages,simple_forms_patterns,form_upload,request_a_presidential_memorial_certificate,_26_4555_application_in_acquiring_specially_adapted_housing_or_special_home_adaptation_grant,submit_a_statement_to_support_a_claim,sign_va_claim_forms_as_an_alternate_signer,submit_an_intent_to_file,request_priority_processing_for_an_existing_claim,request_personal_records,find_a_va_accredited_representative_or_vso,fill_out_your_form_to_appoint_a_va_accredited_representative_or_vso,_40_10007_pre_need_burial_planning_form,view_your_representative,welcome_va_setup_review_information_form,va_profile,dashboard,_21_527ez_pension_benefits_form,pact_act,all_va_offices,personalized_career_planning_and_guidance_chapter_36__va_form_27_8832_,my_education_benefits,mhv_secure_messaging,mhv_medications,mhv_medical_records,_21p_8416_medical_expense_report_form,_1330m_apply_for_a_medallion_in_a_private_cemetery,apply_for_certificate_of_eligibility,foreign_medical_program_cover_sheet,file_a_champva_claim,_10_10d_extended,income_limits,_21p_0969_income_and_asset_statement_form,order_hearing_aid_or_cpap_supplies,_1010ez_health_care_application_form,gi_bill_comparison_tool,fry_dea___va_education_benefits_for_survivors_and_dependents,financial_status_report,_10_10ezr_update_health_benefits_info_form,enrollment_verification,designation_of_certifying_official_s_,conflicting_interests_certification_for_proprietary_schools,_22_10282_ibm_skillsbuild_training_program_intake_application,_22_10215_statement_of_assurance_of_compliance_with_95_percent_enrollment_ratios,_22_10203_education_benefits_form,_22_0994_education_benefits_form,_0839,dispute_your_va_debt,discover_your_benefits,_21_526ez_disability_compensation_claim_form,connect_your_device,view_dependents,_21_0538_dependents_verification,_686c_674_v2,_686c_674,claims_status,travel_claim,check_in,_10_10cg,after_visit_summary,ask_va,sc_testing,hlr_testing,platform_ish_,request_for_higher_level_review,file_a_supplemental_claim,request_a_board_appeal,authenticated_experience_design_patterns,total,_10297,_10275,veteran_id_card_v1,demo__file_for_disability_compensation___conditions,va_online_services_terms_of_use,application_for_accrued_amounts_due_a_deceased_beneficiary,post_9_11_gi_bill_status,order_medical_supplies,_1330m2_apply_for_a_medallion_in_a_private_cemetery,login_page,your_va_home_loan_coe,register_for_the_foreign_medical_program__fmp_,_10_7959c_champva_other_health_insurance_certification_form,_10_10d_application_for_champva_benefits,facility_locator,gi_bill_school_feedback_tool,_35__exemption_of_the_routine_reporting,discharge_wizard,pre_check_in,_21p_530ez_burials_benefits_form,authentication_callback,submitted_appeals_view__amp__download,decision_reviews_onramp_tool,accredited_representative_portal,_21a_apply_to_become_a_va_accredited_attorney_or_claims_agent,authorize_va_to_release_your_information_to_a_third_party_source,resources_and_support,representative_form_upload,my_healthevet_on_va_gov,education_letters,_22_1995_education_benefits_form,covid_19_screener,debt_and_bills,apply_for_personalized_career_planning_and_guidance_with_va_form_25_8832,verify_identity,mock_form_minimal_header,marital_status_questionnaire__21p_0537_,search,rated_disabilities,new_28_1900_veteran_readiness,letters,view_payments,resources_for_schools,contact_us,_21p_530a_interment_allowance,_21_4192_employment_information,_21_2680_house_bound_status,_21_0779_nursing_home_information,apply_for_additional_compensation_based_on_inability_to_work,income_verification_for_disability_benefits,apply_for_specially_adapted_housing_grant,mock_sip_form,sign_in_changes_reminder,my_messages
2025-10-16,va-additional-info,91,2,1,3,4,1,10,7,5,7,9,1,5,10,3,1,1,1,2,1,5,13,1,4,3,17,1,1,12,2,7,1,1,1,10,1,13,3,9,1,2,2,5,1,1,4,3,20,10,7,24,16,2,2,4,1,2,1,1,1,2,1,19,1,1,2,8,5,3,1,2,6,1,2,9,5,18,5,10,7,25,425,2,1
2025-10-16,va-button,81,6,1,,,1,8,7,4,9,,,5,16,1,,4,,,,1,,,3,3,9,,,16,2,2,5,,,10,34,,4,,3,,1,1,3,2,,1,3,1,,8,7,1,1,1,,1,,,,5,,3,,4,9,3,1,5,2,2,3,,4,10,1,67,4,9,6,21,394,,1,2,1,5,1,1,8,1,3,1,2,2,1,2,1,1,3,1,1,5,3,1,2,1
2025-10-16,va-icon,1,62,1,5,5,,6,9,3,3,,,5,8,,,,,,,,,,2,8,4,4,,4,8,,,,,8,18,7,11,,,,,,,,,,,37,9,2,5,7,2,,,,1,,,,,2,,1,,,,11,,,,1,9,,,33,,,,25,369,,,,,,,,,,,,,1,,5,,,2,,,,,,14,4,2,2,5,4,1,1,1,1
2025-10-16,va-alert,191,21,,3,3,2,12,14,9,12,1,1,9,13,,,,,3,,2,,,3,3,16,1,1,19,15,14,,,,21,14,11,12,14,14,2,,6,5,1,4,16,13,5,12,16,15,8,5,3,1,3,,1,1,3,,18,2,8,8,5,6,11,3,4,7,1,11,3,,80,,3,1,72,740,2,1,3,1,6,13,2,7,1,,1,,,1,9,,4,2,1,5,1,1,,5,3,,1,3,,3,,,11,2,1,1,1,1,4,2,10,5
2025-10-16,va-telephone,2,7,,3,5,6,6,6,11,2,4,4,2,28,,,2,2,2,,1,6,,3,7,16,4,,43,6,12,,,,10,3,21,12,10,4,7,1,9,2,2,1,6,19,3,8,22,9,3,,,1,,1,,,13,2,23,5,8,13,13,8,17,,1,12,3,10,11,6,111,5,9,9,39,826,,,,,4,,7,4,,,2,2,1,,8,,,2,2,12,,2,6,3,,3,,,10,,,,70,3,,,,,4,3,4,9,1,4
2025-10-16,va-link,2,145,,4,7,,5,47,28,,1,1,,67,,,1,1,2,,1,10,,,5,4,,1,27,17,25,1,,2,1,1,8,11,14,1,,5,4,6,14,7,,19,17,,3,6,,10,7,1,15,,,5,1,8,29,1,9,8,15,5,22,,,4,,1,1,1,50,18,26,6,14,935,3,2,,,1,,2,,,,2,,4,2,10,,11,7,,18,,2,26,14,8,,2,,2,,1,,20,,,,,5,5,,,,12,
2025-10-16,va-accordion-item,17,18,,,,3,,,1,,1,,,,,,,,,14,,,,,6,6,,,4,1,7,1,,,1,8,1,3,7,1,,,,,5,4,4,,3,,,,,,,,3,,,2,,,15,13,,1,3,,3,,,,4,1,1,,7,,6,,2,209,2,2,,,2,,,,,,,,,,,,5,6,,,,,4,19,,,,,,,,,,,,,,,,,1,,8,
2025-10-16,va-card,6,5,,,,,2,4,2,1,,,2,1,,,,,,,,,,1,4,,,,4,10,,,,,3,1,1,12,,,,,,,,2,,3,3,,2,3,,,,,,,,,2,1,1,,1,6,,,2,1,,2,,1,,,11,,,,12,129,,,,,,,,1,,,,,,,,,,,,,,,5,8,,,,,,,,,2,,,,,,1,5,1,,,
2025-10-16,va-process-list,11,1,,,1,,,,1,,1,1,1,,,,1,,,,,,,,1,,,,1,,1,,,1,1,,5,,1,1,1,,,1,,,,1,,1,2,,,2,2,,2,,,1,,,1,,,1,2,1,1,1,,1,,,1,1,,1,1,2,3,63,2,,,,,,,,1,,,,,1,,,1,2,,1,,,,,1,,,1,,,,,,,,,,,,,,,,,1,1,1,1
2025-10-16,va-process-list-item,,1,,,3,,,,2,,4,4,3,,,,3,,,,,,,,3,,,,2,,3,,,3,3,,13,,3,4,3,,,4,,,,3,,3,6,,,6,6,,6,,,3,,,4,,,4,5,2,1,2,,3,,,3,3,,3,3,7,9,196,6,,,,,,,,4,,,,,4,,,3,5,,4,,,,,9,,,2,,,,,,,,,,,,,,,,,4,4,4,4
2025-10-16,va-omb-info,2,,,,1,,,,1,1,1,1,,,1,,,,1,,1,,,,1,2,,,,,1,,,1,1,,,,1,1,1,1,1,2,,1,,1,,1,1,1,,1,1,1,1,1,1,,,,1,,,1,2,1,,,,1,,,2,1,4,1,2,2,6,80,,,,1,,,,,1,,,1,1,1,,2,1,,,1,,,,,1,1,,,,,2,,,1,,,,,,1,,,,1,1,1,1,1,1,1,1,1
2025-10-16,va-alert-sign-in,,,,,,,,,2,1,,,1,5,,,,,,,,,,,,,,,,,,,,,1,2,,,,,,,,,,,,,,,,,1,,,,,,,,,,,,,,,,,,,,,,,,2,,,,8,24,1,,,,,,,,,,,,,,,,,,,,,,,,,,,,,,,,,,,,,,,,,,,,,,,,,,,
2025-10-16,va-loading-indicator,,,1,1,1,2,5,28,8,4,,,1,40,,,,,1,,1,1,,1,5,3,1,,7,5,2,,,,1,13,9,15,2,1,2,1,1,1,2,2,1,5,10,1,4,3,1,1,1,,1,,,1,2,1,4,3,5,2,3,3,11,3,3,4,1,11,2,1,27,1,2,1,11,333,,1,,,2,,1,1,,,3,,,1,2,,1,,1,2,1,,,1,,,1,,3,1,,,5,,,,,1,1,3,2,1,,,,,,,,,,
2025-10-16,va-progress-bar,,,,,,,,,,,,,,,,,1,,,,,,,,,2,,,,,,,,,,,,1,,,1,,,,,,,,,,,,,,,,,,,,,,,,,,,,1,,,,,,,,4,,,,1,11,,,,,,,,,,,,,,,,,,,,,,,,,,,,,,,,,,,,,,,,,,,,,,,,,,,,
2025-10-16,va-text-input,1,,,,,,,,,,1,,,,,,,,,,,,,2,1,1,,,,,1,,,,,3,,,,,,,,,,2,,,,,13,,,,,,,,,,,,,,,,1,,,,,,,,,,8,,,,1,37,,,1,,,,,,,1,1,,,,,,,,,,,,,,,,,,,,,,,,,,,,,,,,,,,,,,,,,
2025-10-16,va-button-icon,,,,,,,,,,,,,,,,,,,,,,,,,,,,,,,,,,,,,,,,,,,,,,,,,,,2,,,,,,,,,,,,,,,,,,,,,,,2,,,1,,,,1,6,,,,,,,,,,,,,,,,,,,,,,,,,,,,,,,,,,,,,,,,,,,,,,,,,,,,
2025-10-16,va-banner,,3,,,,,,,,,,,,1,,,,,,,,,,,,,,,,,,,,,,,,1,,,,,,,,,,,,,,,,,,,,,,1,,1,1,,,,,,,,,,,,,,,,,,,13,,,,,,,,,,1,,,,,,,,,,,,,,2,,,,,,1,,,,,,,,1,,,,,,,,,,,,,,
2025-10-16,va-on-this-page,2,16,,,,,,,,,,,,,,,,,,,,,,,,,,,,,1,,,,,,1,,1,,,,,,,,,,,,,,,,,,,,,,,,,,,,,,1,,,,,,,,6,,,2,,32,,,,,,,,,,,,,,,,,,,,1,,,,1,,,,,,,,,,,,,,,1,,,,1,,,,,,,,,
2025-10-16,va-accordion,13,15,,,,1,,,1,,1,,,,,,,,,1,,,,,6,2,,,1,1,2,1,,,1,3,,1,2,1,,,,,1,1,1,,2,,,,,,,,1,,,1,,,7,4,,1,3,,2,,,,1,1,,,4,,1,,,89,1,1,,,2,,,,,,,,,,,,1,2,,,,,1,6,,,,,,,,,,,,,,,,,1,,3,,,,,,,,,
2025-10-16,va-link-action,,21,,3,3,,,5,6,,,,,11,,,,,,,6,,,,,,,3,,,,5,,,,,,10,,,,,1,,3,1,,,,,1,,,,,,,,,,,2,1,,5,,2,2,,2,,,,2,,,18,,,,,140,1,1,,,,,3,,,1,,,1,,,,,3,,4,,,6,3,,,,1,,,,,2,,,,,,,,,,,,,,,,,,,,1
2025-10-16,va-checkbox,11,,,,,,,,,2,,,,,,,,,,,5,,,3,,,,,,,,,,,,,,,,,,,,,,,,,1,,2,,,,,,,,,,1,,5,,,,,,,,,,,,1,1,5,,1,1,,28,,,,,,,,,,,,,,,,,,,,,,,,,,,,,,,,,,,,,,,,,,,,,,,,,,,,,
2025-10-16,va-radio-option,11,2,,,,,,,1,1,,,,,,,,,,,6,,,3,4,5,,,,,,,,,3,,,2,,,,,,,,,,,,1,18,,2,,,,,,,,,,5,,,2,,,,,,,,4,3,,10,4,3,2,,94,,,,,,,,,,,,,,,,,,,,,,,,,,,2,,,,,,,5,,,,,,6,,,,,,,,,,,,,
2025-10-16,va-need-help,,,,1,1,,1,,3,,,,,,,,,,,,,,,,,,,,,,,,,,,1,,,,,,,,1,,,,1,,,1,,,1,1,,1,,,1,,1,,,,1,,,1,,,,,2,,,6,,,,,32,1,1,,,,,,,,,,,,,,,,1,,1,,,1,,,,,,,,,,,,,,,,1,,1,,,,,,,,,,,,
2025-10-16,va-summary-box,10,2,,,,,,,,3,,,2,,,,,,,,,,,,,2,,,3,,1,,,,5,,,,,,,,1,,,,,1,,,1,1,,,1,,,2,1,1,,,2,,,,1,1,,,,1,,,,,2,,,2,,41,,1,,,,,,,,,,,,,,,,,,,,2,,,,,,,,,,1,,,,,,,1,,,,,,,,,,,,,,
2025-10-16,va-segmented-progress-bar,1,,,,,,,,,,,,,,,,,,,,,,,,,,,,,,,,,,,,,3,,,,,,,,,,,,,,,1,,,,,,,,,,,,,,,,,,,,,,,,1,,,1,,6,,,,,,,,,,,,,,,,,,,,,,,,,,,,,,,,,,,,,,,,,,,,,,,,,,,,,
2025-10-16,va-textarea,1,,,,,,,1,,,,,,,,,,,,,,,,,,,,,,,,,,,,2,,,,,,,,,,,,,,,,,,,,,,,,,,,,,,,,,,,,,,,1,,1,,,,,5,,,,,,,,,,,,,,,,,,,,,,,,,,,,,,,,,,,,,,,,,,,,,,,,,,,,,
2025-10-16,va-breadcrumbs,,2,,,,1,1,,,,,,,1,,1,,,,,,,,,,,,,,,,,,,,,,,,,,,,,,,,,,1,,,,,,,,,,,,,,,,1,1,,,,,,,1,,,,,,,,13,,,,,,,,1,,,,1,,,,,,,,,,,,,,,,1,,,,,,,,,,,,,,,,,,,,,,,,,
2025-10-16,va-back-to-top,,23,,2,2,,3,,,,,,,,,,,,,,,,,,,,,,,,1,,1,,,1,1,1,1,,,,,,,,,,,,,,1,,,,,,,,,,,,,,,,,,,,,1,,,,,,,,39,,,,,,,,,,,,,,,,,,,,1,,,,,,,,,,,,,,,,,,,,,,,,,,,,,,,,,
2025-10-16,va-file-input,,,,,,,,,,,,,,,,,,,,,,,,,,,,,,,,,,,,,,,,,,,,,,,,,,,,,,,,,,,,,,,,,,,,,,,,,,,,,1,,,,,1,,,,,,,,,,,,,,,,,,,,,,,,,,,,,,,,,,,,,,,,,,,,,,,,,,,,,
2025-10-16,va-input-message,,,,,,,,,,,,,,,,,,,,,,,,,,,,,,,,,,,,,,,,,,,,,,,,,,,,,,,,,,,,,,,,,,,,,,,,,,,,,1,,,,,1,,,,,,,,,,,,,,,,,,,,,,,,,,,,,,,,,,,,,,,,,,,,,,,,,,,,,
2025-10-16,va-label,,,,,,,,,,,,,,,,,,,,,,,,,,,,,,,,,,,,,,,,,,,,,,,,,,,,,,,,,,,,,,,,,,,,,,,,,,,,,1,,,,,1,,,,,,,,,,,,,,,,,,,,,,,,,,,,,,,,,,,,,,,,,,,,,,,,,,,,,
2025-10-16,va-telephone-input,,,,,,,,,,,,,,,,,,,,,,,,,,,,,,,,,,,,,,,,,,,,,,,,,,,,,,,,,,,,,,,,,,,,,,,,,,,,,1,,,,,1,,,,,,,,,,,,,,,,,,,,,,,,,,,,,,,,,,,,,,,,,,,,,,,,,,,,,
2025-10-16,va-radio,,1,,,,,,,,,,,,,,,,,,,,,,,,,,,,,,,,,,,,,,,,,,,,,,,,,,,,,,,,,,,,,,,,,,,,,,,,,,,2,,,,,3,,,,,,,,,,,,,,,,,,,,,,,,,,,,,,,,,,,,,,,,,,,,,,,,,,,,,
2025-10-16,va-select,,,,,,,,,,,1,,,,,,,,,,,,,,,,,,,,,,,,,,,,,,,,,,,,,,,,,,,,,,,,,,,,,,,,,,,,,,,,,,1,,,,,2,,,,,,,,,,,,,,,,,,,,,,,,,,,,,,,,,,,,,,,,,,,,,,,,,,,,,
2025-10-16,va-alert-expandable,2,2,,,,,,2,,,,,,1,,,,,,,,,,,,,,,1,,,,,,,2,1,1,,,,,,,,,,1,,,,,1,,,,,,,,,,1,,,,,,,1,,,,,,,2,,,,,21,,,,,,,,,,,,,,,,,,4,,,,,,,,,,,,,,,1,,,,,,,,,,,,,,,,,,,,
2025-10-16,va-table-row,,2,,,,,,,,,,,,,,,,,,,,,,,,,,,,,,,,,,,,,,,,,,,,,,,11,,6,,,,,,7,,,,,,4,,,,,,,,,,,,,,11,,,,,53,,,,,,,,,,,,,,,,,,,,,,,,,,,,,,,,,8,,,,,,,,,2,,,,,,,,,,,,2
2025-10-16,va-table,4,1,,,,,,,,,,,,,,,,,,,,,,,,,,,,,,,,,,,,,,,,,,,,,,,5,,1,,,,,,2,,,,,,1,,,,,,,,,,,,,,4,,,,,18,,,,,,,,,,,,,,,,,,,,,,,,,,,,,,,,,2,,,,,,,,,1,,,,,,,,,,,,1
2025-10-16,va-memorable-date,,,,,,,,,,,1,,,,,,,,,,,,,,,,,,,,,,,,,,,,,,,,,,,,,,,,,,,,,,,,,,,,2,,,,,,,,,,,,,,,,,,,5,,,,2,,,,,,,,,,,,,,,,,,,,,,,,,,,,,,,,,,,,,,,,,,,,,,,,,,
2025-10-16,va-modal,,,,,,,,,,,,,,,,,,,,,,,,,,,,,,,,,,,,,,,,,,,,,,,,,,,,,,1,,,,,,,,,,,,,,,,,,,,,,,,,,,,1,,,,,,,,,,,,,,,,,,,,,,,,,,,,,,,,,,,,,,,,,,,,,,,,,,,,,,
2025-10-16,va-checkbox-group,,,,,,,,,,,,,,,,,,,,,,,,,,,,,,,,,,,,1,,1,,,,,,,,,,,,,,,,,,,,,,,,,,,,,,,,,,,,,,,,,,,,2,,,,,,,,,,,,,,,,,,,,,,,,,,,,,,,,,,,,,,,,,,,,,,,,,,,,,,
2025-10-16,va-maintenance-banner,,,,,,,,,,,,,,,,,,,,,,,,,,,,,,,,,,,,,,,,,,,,,,,,,,,,,,,,,,,,,,,,,,,,,,,,,,,,,1,,,,,2,,,,,,,,,,,,,,,,,,,,,,,,,,,,,,,,,,,,,,1,,,,,,,,,,,,,,,,
2025-10-16,va-list-item,,,,,,,,,,,1,,,,,,,,,,,,,,,,,,,,,,,,,,,,,,,,,,,,,,,,,,,,,,,,,,,,,,,,,,,,,,,,,,,,,,,1,,,,,,,,,,,,,,,,,,,,,,,,,,,,,,,,,,,,,,,,,,,,,,,,,,,,,,
2025-10-16,VaModal,34,,,,,,1,5,,2,,,2,2,,,1,,,,,,,3,,2,,,6,2,,,,,1,12,1,1,,,,,,,,,,,65,,1,4,,1,1,,1,,,,,,6,1,,,2,,1,,,,,,2,,22,,3,1,7,165,,1,,,2,,,,,,,,,,1,,1,,,,,,,,,,,,,,,,1,,,,,,,,,,,,,,,,,,,,,
2025-10-16,VaButton,16,,,,,,,3,,,,,,1,,1,,,,,1,,,,2,,,,4,,,,,,1,1,5,,,3,,1,,,,,,,23,,4,,,,,,,,,,,,1,,,,,,4,,,,,4,,,17,,,,12,95,1,,,,,,1,1,,,,,,,,,,,,,,,,,,,,1,,,,,2,,,,,,,,1,,,,,,,,,,,,,
2025-10-16,VaPrivacyAgreement,4,,,,,,,,,,,,1,,,,,,,,,,,,1,,,,,,,,,,,,,,,,,,,,,1,,,,,1,,,,,,,,,,,1,,,,,,,,,,,,,,,3,,,2,2,13,1,,,,,,,,,,,,,,,,,,,,,,,,,,,,,,,,,,,,,,,,,,,,,,,,,,,,,
2025-10-16,VaFileInput,3,,,,,,,,,,,,,,,2,,,,,,,,,,,,,,,,,,,,,,,,,,,,,,,,,,,1,,,,,,,,,,,,,,,,,,,,,,,2,,,1,,,,1,8,,,,,,,,,,,1,,,,,,,,,,,,,,,,,,,,,,,,,,,,,,,,,,,,,,,,,,,
2025-10-16,VaSelect,8,,,,,,,3,2,,,,,2,2,,,,,,,,,2,,,,,,,,,,,,6,1,1,,,,,,,,,,,4,,1,,,,,,,,,,,1,1,,,,2,,1,,,,,7,2,,5,,2,,1,51,,,,,,,,,,1,1,,,,1,,,1,,,,,,1,,,,,,,,,,,,,,,,,,,,,,,,,,,,,,
2025-10-16,VaButtonPair,3,,,,,,,,4,,,,,,,,,,,,,,,,,,,,,,,2,,,,,,2,,,,,,,4,,,,,,,,,,,,,,,,,,,,,,,,,,,,,1,1,,4,,1,,1,25,,,,,,,,,,,,,,,,,,4,,,,,1,,,,,,,,,,,,,,,,,,,,,,,,,,,,,,,
2025-10-16,VaRadio,10,,,,,,,,1,1,,,,,,,,,,,2,,,1,2,4,,,,,,2,,,1,8,2,1,,,,,,,,,,,2,1,10,,1,,,,,,,,,,6,,,1,12,,,2,,,,7,4,2,10,4,4,1,2,117,,,,,,,2,,,,,,,,,2,,2,,,,,2,3,,,1,,,,,,,5,,,,,,6,,,,,,,,,,,,,,
2025-10-16,VaRadioOption,6,,,,,,,,,,,,,,,,,,,,,,,,,,,,,,,1,,,,5,1,,,,,,,,,,,,1,,2,,,,,,,,,,,,2,,,,8,,,1,,,,2,1,1,2,1,1,,1,36,,,,,,,1,,,,,,,,,1,,1,,,,,1,2,,,,,,,,,,,,,,,,,,,,,,,,,,,,,,
2025-10-16,VaAlert,43,,3,,,,3,2,,,,,,,,5,,,,,,,,,1,,,,17,2,,,,,,7,3,4,,,,1,,,,,,,1,,,,,,,,,,2,,,,6,,1,,,,1,,,,,10,1,,17,,,,2,114,,,,,,,5,1,,,,2,2,2,,,,,,,,,,2,,,,5,5,,,,,,,,,,,,1,,,,,,,,,,,,,
2025-10-16,VaLink,,,,,,,1,3,,,,,,,,2,,,,,,,,,,,,,,,,,,,,,,,,,,,,2,,2,,,4,,,,,,,,,,,,,,1,,,1,,,2,,,,,1,,,9,,,,4,46,,,,,,,,,,,,,2,2,,1,2,,,,,,,,,,,3,2,,,,,,,,,,,,1,,,,,,,,,,,,1,
2025-10-16,VaCheckbox,12,,2,,,,1,,3,,,,,,,,,,,,,,,,4,,,,2,,,2,,,,3,3,12,,,,,,,,,3,,8,,5,1,,4,,,1,,,,,,1,,,,4,,2,1,1,,,,4,,8,,3,,3,86,,,,,,,,,,,,,,,,1,,,,,,,,1,,,,,,,,,,,,,,,,,3,,,,,,,,,,,,,
2025-10-16,VaSearchInput,1,,,,,,,,,,,,,2,,,,,,,,,,,,,,,,,,,,,,,,,,,,,,,,,,,,,,,,,,,,,,,,,,,,,,,,,,,,1,,,,,,,2,7,,,,,,,,,,,,,,,,,,,,,,,,,,,1,,,,,,,,,,,1,,,,,,,,,,,,,,,,
2025-10-16,VaBreadcrumbs,29,,1,1,1,,,1,1,1,1,,1,,,,,,,,,,,1,1,1,,,1,,,1,,,1,1,1,1,,,,,,,1,,1,,2,,,,1,1,1,1,1,,,1,,1,1,,,,,,1,,,,,,,,12,,,1,,68,1,1,,,,,,,,,,,1,1,1,,1,1,,,,2,1,6,1,,,,3,1,,,2,,,,,1,,,,,1,,,,,,,,,,,
2025-10-16,VaLoadingIndicator,,,,,,,,,,,,,,,,,,,,,,,,1,,,,,2,,,,,,,,,,,,,,,,,,,,11,,1,,,,,,,,,,,,,,,,,,,,,,,,,,1,,,,,34,,,,,,,,,,,,,,,1,2,,,,,,,,6,2,,,2,,,,,2,,,,,,,,2,,,,,,,,,,,,1,
2025-10-16,VaPagination,3,,1,,,,1,,1,,,,,2,,,,,,,,,,1,,,,,,,,,,,,2,2,4,,,,,,,,,,,8,,,,1,,,,,,,,,1,,,,,,,5,,,,,3,,,,,,,,38,,,,,,,,,,,,,,,1,1,,,,,,,,1,,,1,,,,,,,,,,,1,,,,1,,,,,,,,,,,,
2025-10-16,VaAdditionalInfo,3,,,,,,,,,,,,,,,,,,,,,,,,,,,,,,,,,,,5,,,,,,,,,,,,,1,,,,,,,,,1,,,,,10,,,,,,,,,,,,1,,,,1,,,21,,,,,,,,,,,,,,,,,,,,,,,,2,,,,,,,,,,,,,,,,,,,,,,,,,,,,,,
2025-10-16,VaTextInput,11,,,,,,,,,,,,,1,,,,,,,,,,,,,,,,,,,,,,2,,,,,,,,,3,,,,6,,27,,,,,,1,,,1,,,2,,,,4,,,,,,,,7,1,15,,7,1,,83,1,,,1,,,,,,,,,,,,,,1,,,,,,2,,,,,,,,,,,,,,,,,,,,,,,,,,,,,,
2025-10-16,VaDate,,,,,,,,,,,,,,3,,,,,,,,,,,,,,,,,,,,,,2,,3,,,,,,,,,,,,,8,,,,,,,,,,,,1,,,,,,,,,,,,1,,3,,1,,,23,,,,,,,,,,,,,,,,,,,,,,,,1,,,,,,,,,,,,,,,,,,,,,,,,,,,,,,
2025-10-16,VaCheckboxGroup,13,,,,,,,,1,2,,,,,,,,,,,2,,,1,1,,,,1,,,1,,,,,1,,,,,,,,,,,,3,,2,,,,,,,,,,1,,5,,,,1,,,,,,,,1,1,4,,1,1,,31,,,,,,,,,,,,,,,,,,,,,,,,,,,,,,,,,,,,,,,,,1,,,,,,,,,,,,,
2025-10-16,VaMemorableDate,3,,,,,,,,,,,,,,,,,,,,,,,,,,,,,,,,,,,,,,,,,,,,,,,,,,,,,,,,,,,,,,,,,,2,,,,,,,,2,,4,,2,,,10,,,,,,,,,,,,,,,,,,,,,,,,,,,,,,,,,,,,,,,,,,,,,,,,,,,,,,
2025-10-16,VaLinkAction,,,,,,,,,,,,,,1,,,,,,,,,,,1,,,,1,,,,,,,,,,,,,,,1,,,,,2,,,,,,,,,,,,,,,,,,,,,,,,,,,,3,,,,,15,,,,,,,,,,,,,1,1,,,,,,,,,,,,,,1,,,,,3,,,,,,,,,,,,,,,,,,,,,
2025-10-16,VaAlertSignIn,,,,,,,,,,,,,,10,,,,,,,,,,,,,,,,,,,,,,,,,,,,,,,,,,,,,,,,,,,,,,,,,,,,,,,,,,,,4,,,2,,,,,16,,,,,,,,,,,,,,,,,,,,,,,,,,,,,,,,,,,,,,,,,,,,,,,,,,,,,,
2025-10-16,VaIcon,,,,,,,,,,,,,,,,,,,,,,,,,,,,,,,,,,,,,,,,,,,,,,,,,,,,,,,,,,,,,,,,,,,,,,,,,,2,,,,,,,,4,,,,,,,,,,,,,,,1,,,,,,,,,,,,,1,,,,,,,,,,,,,,,,,,,,,,,,,,
2025-10-16,VaTextarea,,,,,,,,,,,,,,,,,,,,,,,,,,,,,,,,,,,,,,,,,,,,,,,,,,,1,,,,,,,,,,,,,,,,,,,,,,,1,,,2,,,,,4,,,,,,,,,,,,,,,,,,,,,,,,,,,,,,,,,,,,,,,,,,,,,,,,,,,,,,
2025-10-16,VaTelephone,,,,,,,,20,,,,,,,,2,,,,,,,,,,,,,4,,,,,,,8,,,,,,,,1,,,,,,,1,,,,,,,,,,,,,,,,,,,,,,,2,,,1,,,,,48,,,,,,,2,,,,,,1,2,,,,,,,,,,,,,,2,2,,,,,,,,,,,,,,,,,,,,,,,,,
2025-10-16,VaAccordion,7,,,,,,,,,,,,,,,,,,,,,,,,,,,,,,,,,,,2,3,,,,,,,,,,,,8,,,,,,,,,,,,,,,,,,,,,,,,,7,,,3,,,,,23,,,,,,,,,,,,,,,,,,,,,,,,,,,,,,,,,,,,,,,,,,,,,,,,,,,,,,
2025-10-16,VaAccordionItem,3,,,,,,,,,,,,,,,,,,,,,,,,,,,,,,,,,,,1,1,,,,,,,,,,,,4,,,,,,,,,,,,,,,,,,,,,,,,,6,,,1,,,,,13,,,,,,,,,,,,,,,,,,,,,,,,,,,,,,,,,,,,,,,,,,,,,,,,,,,,,,
2025-10-16,VaCard,,,,,,,,,,,,,,,,,,,,,,,,,,2,,,,,,,,,,,,,,,,,,,,,,,1,,,,,,,,,,,,,,,,,,,,3,,,,,,,,,,,,,8,,,,,,,,1,,,,,,,,,,,,,,,,,,,,1,,,,,,,,,,,,,,,,,,,,,,,,,,
2025-10-16,VaFileInputMultiple,,,,,,,,,,,,,,,,1,,,,,,,,,,,,,,,,,,,,,,,,,,,,,,,,,,,,,,,,,,,,,,,,,,,,,1,,,,,,,,2,,,,,4,,,,,,,,,,,,,,,,,,,,,,,,,,,,,,,,,,,,,,,,,,,,,,,,,,,,,,
2025-10-16,VaStatementOfTruth,,,,,,,,,,,,,,,,,,,,,,,,,,,,,,,,,,,,,,,,,,,,,,1,,,,,,,,,,,,,,,,,,,,,,,,,,,,,,,1,,,,,3,1,,,,,,,,,,,,,,,,,,,,,,,,,,,,,,,,,,,,,,,,,,,,,,,,,,,,,
2025-10-16,VaProgressBar,,,,,,,,,,,,,,,,,,,,,,,,,,,,,,,,,,,,,,,,,,,,,,,,,,,,,,,,,,,,,,,,,,,,,,,,,,,,,1,,,,,1,,,,,,,,,,,,,,,,,,,,,,,,,,,,,,,,,,,,,,,,,,,,,,,,,,,,,,
2025-10-16,VaComboBox,,,,,,,,,,,,,,,,,,,,,,,,,,,,,,,,,,,,1,,,,,,,,,,,,,,,,,,,,,,,,,,,,,,,,,,,,,,,,,,,,,,1,,,,,,,,,,,,,,,,,,,,,,,,,,,,,,,,,,,,,,,,,,,,,,,,,,,,,,
2025-10-16,VaSummaryBox,,,,,,,,,,,,,,,,,,,,,,,,,,,,,,,,,,,,,,,,,,,,,,,,,,,,,,,,,,,,,,,,,,,,,,,,,,,,,,,,,,1,,,,,,,,1,,,,,,,,,,,,,,,,,,,,,,,,,,,,,,,,,,,,,,,,,,,,,,
2025-10-16,VaNotification,,,,,,,,,,,,,,,,,,,,,,,,,,,,,,1,,,,,,,,,,,,,,,,,,,,,,,,,,,,,,,,,,,,,,,,,,,,,,,2,,,,,3,,,,,,,,,,,,,,,,,,,,,,,,,,,,,,,,,,,,,,,,,,,,,,,,,,,,,,
2025-10-16,VaButtonSegmented,,,,,,,,,,,,,,,,,,,,,,,,,,,,,,1,,,,,,,,,,,,,,,,,,,,,,,,,,,,,,,,,,,,,,,,,,,,,,,,,,,,1,,,,,,,,,,,,,,,,,,,,,,,,,,,,,,,,,,,,,,,,,,,,,,,,,,,,,,
2025-10-16,VaAlertExpandable,,,,,,,,,,,,,,,,,,,,,,,,,,,,,1,,,,,,,,,,,,,,,,,,,,,,,,,,,,,,,,,,,,,,,,,,,,,,,,,,,,,1,,,,,,,,,,,,,,,,,,,,,,,,,,,,,,,,,,,,,,,,,,,,,,,,,,,,,,
2025-10-16,VaNeedHelp,,,,,,,,,,,,,,,,,,,,,,,,,,,,,,,,,,,,,,,,,,,,,,,,,,,,,,,,,,,,,,,,,,,,,,,,,,,,,,,,,,1,,,,,,,1,,,,,,,,,,,,,,,,,,,,,,,,,,,,,,,,,,,,,,,,,,,,,,,
2025-10-16,VaProcessList,,,,,,,,,,,,,,,,4,,,,,,,,,,,,,,,,,,,,,,,,,,,,,,,,,,,,,,,,,,,,,,,,,,,,,,,,,,,,,3,,,,,19,,,,,,,,,,,,,,,,,8,,,,,,,,,,,4,,,,,,,,,,,,,,,,,,,,,,,,,,
2025-10-16,VaProcessListItem,,,,,,,,,,,,,,,,3,,,,,,,,,,,,,,,,,,,,,,,,,,,,,,,,,,,,,,,,,,,,,,,,,,,,,,,,,,,,,2,,,,,14,,,,,,,,,,,,,,,,,6,,,,,,,,,,,3,,,,,,,,,,,,,,,,,,,,,,,,,,
2025-10-16,VaBackToTop,,,,,,,,,2,,,,,,,,,,,,,,,,,,,,,,,,,,,,,,,,,,,,,,,,,,,,,,,,,,,,,,,,,,,,,,,,,,,,,,,,,2,,,,,,,,,,,,,,,,,,,,,,,,,,,,,,,,,,,,,,,,,,,,,,,,,,,,,,
2025-10-16,VaTelephoneInput,,,,,,,,,,,,,,,,,,,,,,,,,,,,,,,,,,,,,,,,,,,,,,,,,,,,,,,,,,,,,,,,,,,,,,,,,,,,,1,,,,,1,,,,,,,,,,,,,,,,,,,,,,,,,,,,,,,,,,,,,,,,,,,,,,,,,,,,,,
2025-10-16,VaSearchFilter,,,,,,,,,,,,,,,,,,,,,,,,,,,,,,,,,,,,,,,,,,,,,,,,,,,,,,,,,,,,,,1,,,,,,,,,,,,,,,,,,,,1,,,,,,,,,,,,,,,,,,,,,,,,,,,,,,,,,,,,,,,,,,,,,,,,,,,,,,
2025-10-16,VaSidenav,,,,,,,,,,,,,,,,,,,,,,,,,,,,,4,,,,,,,,,,,,,,,,,,,,,,,,,,,,,,,,,,,,,,,,,,,,,,,,,,,,,4,,,,,,,,,,,,,,,,,,,,,,,,,,,,,,,,,,,,,,,,,,,,,,,,,,,,,,
2025-10-16,VaSidenavItem,,,,,,,,,,,,,,,,,,,,,,,,,,,,,2,,,,,,,,,,,,,,,,,,,,,,,,,,,,,,,,,,,,,,,,,,,,,,,,,,,,,2,,,,,,,,,,,,,,,,,,,,,,,,,,,,,,,,,,,,,,,,,,,,,,,,,,,,,,
2025-10-16,VaSidenavSubmenu,,,,,,,,,,,,,,,,,,,,,,,,,,,,,1,,,,,,,,,,,,,,,,,,,,,,,,,,,,,,,,,,,,,,,,,,,,,,,,,,,,,1,,,,,,,,,,,,,,,,,,,,,,,,,,,,,,,,,,,,,,,,,,,,,,,,,,,,,,
2025-10-16,va-promo-banner,,1,,,,,,,,,,,,,,,,,,,,,,,,,,,,,,,,,,,,,,,,,,,,,,,,,,,,,,,,,,,,,,,,,,,,,,,,,,,,,,,,1,,,,,,,,,,,,,,,,,,,,,,,,,,,,,,,,,,,,,,,,,,,,,,,,,,,,,,
2025-10-16,va-header-minimal,,1,,,,,,,,,,,,,,,,,,,,,,,,,,,,,,,,,,,,,,,,,,,,,,,,,,,,,,,,,,,,,,,,,,,,,,,,,,,,,,,,1,,,,,,,,,,,,,,,,,,,,,,,,,,,,,,,,,,,,,,,,,,,,,,,,,,,,,,
2025-10-16,va-pagination,,1,,,,,,,,,,,,,,,,,,,,,,,,,,,,,,,,,,,,,,,,,,,,,,,,,,,,,,,,,,,,,,,,,,,,,,,,,,,,,,,,1,,,,,,,,,,,,,,,,,,,,,,,,,,,,,,,,,,,,,,,,,,,,,,,,,,,,,,